t,x_analytical,x_pinn,abs_error
0.0,1.0,1.0,0.0
0.025041736227045076,0.9987502610881249,0.9987472295761108,3.03151201408447e-06
0.05008347245409015,0.9950207847437162,0.9950151443481445,5.640395571715473e-06
0.07512520868113523,0.9888455919580886,0.9888432025909424,2.389367146249377e-06
0.1001669449081803,0.9802644674705472,0.9802722334861755,7.766015628352108e-06
0.12520868113522537,0.9693228030475483,0.9693459272384644,2.312419091610174e-05
0.15025041736227046,0.9560714283325668,0.9561113119125366,3.9883579969868244e-05
0.17529215358931552,0.9405664298126348,0.9406212568283081,5.4827015673275525e-05
0.2003338898163606,0.9228689584717201,0.9229335784912109,6.462001949081309e-05
0.2253756260434057,0.9030450267236686,0.903113603591919,6.857686825034737e-05
0.25041736227045075,0.8811652952382695,0.8812321424484253,6.684721015581818e-05
0.27545909849749584,0.8573048502931137,0.8573663830757141,6.153278260045969e-05
0.3005008347245409,0.8315429723012467,0.831598162651062,5.51903498152706e-05
0.325542570951586,0.8039628961801608,0.8040134906768799,5.059449671906968e-05
0.35058430717863104,0.7746515642413953,0.7747009992599487,4.943501855347865e-05
0.3756260434056761,0.7436993722919056,0.743752658367157,5.328607525134643e-05
0.4006677796327212,0.7111999096484177,0.7112606763839722,6.0766735554440565e-05
0.4257095158597663,0.6772496937741748,0.677320659160614,7.096538643924788e-05
0.4507512520868114,0.6419479002538416,0.64202880859375,8.090833990836988e-05
0.4757929883138564,0.605396088826826,0.6054849028587341,8.88140319080799e-05
0.5008347245409015,0.5676979262019305,0.5677907466888428,9.282048691228173e-05
0.5258764607679466,0.528958906377084,0.529051661491394,9.275511431006134e-05
0.5509181969949917,0.4892860691869023,0.48937520384788513,8.913466098281475e-05
0.5759599332220368,0.44878771779805576,0.44887182116508484,8.410336702907584e-05
0.6010016694490818,0.4075731358678678,0.4076525568962097,7.942102834190834e-05
0.6260434056761269,0.3657523050752765,0.3658292591571808,7.69540819042791e-05
0.651085141903172,0.3234356237252982,0.32351306080818176,7.743708288354689e-05
0.676126878130217,0.2807336271184606,0.2808145582675934,8.0931149132768e-05
0.7011686143572621,0.23775671036538443,0.23784346878528595,8.675841990152255e-05
0.7262103505843072,0.19461485431380365,0.19470751285552979,9.265854172613164e-05
0.7512520868113522,0.15141735524090166,0.15151464939117432,9.72941502726532e-05
0.7762938230383973,0.10827255894794008,0.10837201774120331,9.94587932632296e-05
0.8013355592654424,0.065287599876817,0.06538563966751099,9.80397906939906e-05
0.8263772954924875,0.022568145849491413,0.022661970928311348,9.382507881993546e-05
0.8514190317195326,-0.019781850988815974,-0.019694453105330467,8.739788348550645e-05
0.8764607679465777,-0.06166039646299831,-0.06158004328608513,8.035317691318378e-05
0.9015025041736228,-0.10296768936083067,-0.1028934121131897,7.427724764097476e-05
0.9265442404006679,-0.14360634861150975,-0.1435362845659256,7.006404558415613e-05
0.9515859766277128,-0.1834816321609682,-0.18341314792633057,6.848423463762243e-05
0.9766277128547579,-0.22250164708055553,-0.22243265807628632,6.898900426921539e-05
1.001669449081803,-0.26057755047217396,-0.2605065405368805,7.100993529346455e-05
1.0267111853088482,-0.2976237407602781,-0.29755035042762756,7.339033265052475e-05
1.0517529215358932,-0.33355803898921416,-0.3334828317165375,7.520727267668059e-05
1.0767946577629381,-0.36830185977312335,-0.36822667717933655,7.518259378680447e-05
1.1018363939899833,-0.40178037157496105,-0.4017077684402466,7.260313471446622e-05
1.1268781302170283,-0.4339226460210385,-0.4338545799255371,6.806609550141784e-05
1.1519198664440735,-0.46466179598779017,-0.46460023522377014,6.156076402002997e-05
1.1769616026711185,-0.4939351022280859,-0.4938810169696808,5.4085258405112135e-05
1.2020033388981637,-0.5216841283353529,-0.5216372013092041,4.692702614883526e-05
1.2270450751252087,-0.5478548238748583,-0.547813892364502,4.093151035633458e-05
1.2520868113522539,-0.5723976155427515,-0.5723608732223511,3.6742320400406925e-05
1.2771285475792988,-0.5952674862447106,-0.5952326655387878,3.482070592275566e-05
1.302170283806344,-0.6164240420172775,-0.6163897514343262,3.429058295134624e-05
1.327212020033389,-0.635831566746053,-0.6357967853546143,3.478139143875403e-05
1.352253756260434,-0.6534590646658418,-0.6534242630004883,3.480166535352325e-05
1.3772954924874792,-0.6692802906584703,-0.6692464351654053,3.3855493065004794e-05
1.4023372287145242,-0.6832737683942884,-0.6832427382469177,3.103014737071419e-05
1.4273789649415694,-0.6954227963932477,-0.6953967213630676,2.6075030180039427e-05
1.4524207011686143,-0.7057154421108324,-0.705696165561676,1.9276549156344025e-05
1.4774624373956595,-0.7141445241829546,-0.7141328454017639,1.1678781190682663e-05
1.5025041736227045,-0.7207075829921304,-0.7207033038139343,4.279178196120448e-06
1.5275459098497497,-0.7254068397447885,-0.7254082560539246,1.416309136081928e-06
1.5525876460767947,-0.728249144276324,-0.7282545566558838,5.412379559754932e-06
1.5776293823038399,-0.7292459118264945,-0.7292530536651611,7.141838666679945e-06
1.6026711185308848,-0.7284130490528478,-0.728420615196228,7.56614338026651e-06
1.6277128547579298,-0.7257708695740646,-0.7257780432701111,7.17369604652518e-06
1.652754590984975,-0.7213439993583136,-0.7213507890701294,6.789711815780031e-06
1.67779632721202,-0.7151612722939147,-0.7151694893836975,8.217089782824871e-06
1.7028380634390652,-0.7072556163007466,-0.7072669267654419,1.1310464695268863e-05
1.7278797996661102,-0.6976639303608615,-0.6976799368858337,1.6006524972245195e-05
1.7529215358931554,-0.6864269528656601,-0.6864485740661621,2.162120050197558e-05
1.7779632721202003,-0.6735891216946881,-0.6736170053482056,2.7883653517468687e-05
1.8030050083472455,-0.6591984264576072,-0.6592323780059814,3.395154837426695e-05
1.8280467445742905,-0.6433062533461532,-0.6433448791503906,3.862580423741324e-05
1.8530884808013357,-0.6259672230568745,-0.6260091662406921,4.1943183817672036e-05
1.8781302170283807,-0.6072390222581487,-0.6072828769683838,4.385471023504728e-05
1.9031719532554257,-0.587182229086361,-0.587226390838623,4.416175226207297e-05
1.9282136894824708,-0.5658601331661925,-0.565903902053833,4.376888764046072e-05
1.9532554257095158,-0.5433385506587071,-0.5433815121650696,4.29615063625155e-05
1.978297161936561,-0.5196856348482968,-0.5197285413742065,4.29065259097694e-05
2.003338898163606,-0.4949716827856026,-0.49501553177833557,4.384899273296439e-05
2.028380634390651,-0.46926893850819834,-0.46931466460227966,4.5726094081322e-05
2.0534223706176964,-0.4426513933641738,-0.4426998794078827,4.84860437088841e-05
2.0784641068447414,-0.41519458396575437,-0.41524678468704224,5.2200721287865015e-05
2.1035058430717863,-0.386975388300727,-0.38703182339668274,5.643509595576468e-05
2.1285475792988313,-0.35807182052882425,-0.3581315875053406,5.9766976516328896e-05
2.1535893155258763,-0.328562824988198,-0.3286251723766327,6.234738843469145e-05
2.1786310517529217,-0.29852806993388575,-0.2985914349555969,6.336502171117031e-05
2.2036727879799667,-0.2680477415256285,-0.26811084151268005,6.30999870515625e-05
2.2287145242070117,-0.23720233857660428,-0.23726414144039154,6.180286378726363e-05
2.2537562604340566,-0.20607246856768416,-0.20613212883472443,5.9660267040267945e-05
2.278797996661102,-0.17473864542357986,-0.17479608952999115,5.744410641128628e-05
2.303839732888147,-0.14328108953795898,-0.1433374583721161,5.6368834157105585e-05
2.328881469115192,-0.11177953052408598,-0.11183570325374603,5.6172729660047827e-05
2.353923205342237,-0.08031301315604884,-0.08037026971578598,5.725655973713717e-05
2.3789649415692824,-0.04895970695299381,-0.04901896044611931,5.9253493125500933e-05
2.4040066777963274,-0.017796719845207785,-0.017858071252703667,6.135140749588194e-05
2.4290484140233723,0.013100083653668396,0.013036919757723808,6.316389594458738e-05
2.4540901502504173,0.04365625935949577,0.04359310492873192,6.315443076385097e-05
2.4791318864774623,0.07379895502308587,0.07373709231615067,6.186270693520068e-05
2.5041736227045077,0.10345707625294515,0.10339777916669846,5.929708624669017e-05
2.5292153589315527,0.13256144639790376,0.13250580430030823,5.56420975955374e-05
2.5542570951585977,0.1610449600508969,0.16099321842193604,5.174162896087742e-05
2.5792988313856426,0.18884272985441003,0.1887940764427185,4.865341169152382e-05
2.604340567612688,0.21589222630803798,0.21584543585777283,4.67904502651495e-05
2.629382303839733,0.24213341029903784,0.24208781123161316,4.5599067424684225e-05
2.654424040066778,0.26750885809769503,0.26746296882629395,4.588927140108945e-05
2.679465776293823,0.2919638785807051,0.29191723465919495,4.664392151015884e-05
2.704507512520868,0.3154466224675164,0.3153993785381317,4.724392938471045e-05
2.7295492487479134,0.3379081833766711,0.33786073327064514,4.745010602597022e-05
2.7545909849749584,0.359302690531491,0.35925671458244324,4.59759490477607e-05
2.7796327212020033,0.3795873929670183,0.37954357266426086,4.382030275745796e-05
2.8046744574290483,0.39872273511278933,0.3986823260784149,4.0409034374411235e-05
2.8297161936560937,0.4166724236487886,0.41663649678230286,3.592686648573595e-05
2.8547579298831387,0.4334034855547422,0.43337199091911316,3.149463562901467e-05
2.8797996661101837,0.44888631729566725,0.44885894656181335,2.7370733853893103e-05
2.9048414023372287,0.46309472510928834,0.46307113766670227,2.3587442586070484e-05
2.929883138564274,0.47600595638347637,0.47598543763160706,2.0518751869313956e-05
2.954924874791319,0.48760072213421296,0.48758211731910706,1.8604815105904837e-05
2.979966611018364,0.49786321061669764,0.49784600734710693,1.7203269590704284e-05
3.005008347245409,0.5067810921239957,0.5067647099494934,1.6382174502282965e-05
3.030050083472454,0.514345515049095,0.5143298506736755,1.56643754194441e-05
3.0550918196994994,0.5205510933072627,0.5205360651016235,1.5028205639144865e-05
3.0801335559265444,0.5253958852362048,0.525381863117218,1.4022118986822818e-05
3.1051752921535893,0.5288813641116126,0.5288689136505127,1.2450461099877685e-05
3.1302170283806343,0.5310123804352366,0.5310022234916687,1.0156943567873888e-05
3.1552587646076797,0.5317971161715935,0.5317897796630859,7.33650850759382e-06
3.1803005008347247,0.5312470311277412,0.5312432050704956,3.8260572455817154e-06
3.2053422370617697,0.5293768016882345,0.529376745223999,5.646423550942359e-08
3.2303839732888147,0.5262042521343254,0.5262085199356079,4.267801282487049e-06
3.2554257095158596,0.5217502787927016,0.5217586159706116,8.337177909933935e-06
3.280467445742905,0.5160387672744994,0.5160512924194336,1.2525144934216748e-05
3.30550918196995,0.5090965030799744,0.5091126561164856,1.615303651114619e-05
3.330550918196995,0.5009530758580212,0.5009722709655762,1.919510755499232e-05
3.35559265442404,0.49164077762268327,0.4916621148586273,2.1337235944052235e-05
3.3806343906510854,0.4811944952408655,0.48121705651283264,2.2561271967147523e-05
3.4056761268781304,0.4696515975166221,0.4696754515171051,2.3854000482992355e-05
3.4307178631051753,0.4570518172076329,0.4570760726928711,2.4255485238211527e-05
3.4557595993322203,0.44343712831878607,0.44346195459365845,2.4826274872380427e-05
3.4808013355592653,0.42885161902612595,0.42887744307518005,2.582404905410174e-05
3.5058430717863107,0.41334136059181575,0.41336870193481445,2.734134299869906e-05
3.5308848080133557,0.396954272637164,0.3969843089580536,3.003632088960373e-05
3.5559265442404007,0.3797399851462019,0.37977322936058044,3.324421437855829e-05
3.5809682804674456,0.3617496975767435,0.3617868721485138,3.717457177027095e-05
3.606010016694491,0.3430360354593121,0.34307706356048584,4.1028101173734566e-05
3.631051752921536,0.323652904866811,0.32369735836982727,4.445350301629514e-05
3.656093489148581,0.3036553451392913,0.3037027418613434,4.7396722052062135e-05
3.681135225375626,0.2830993802487198,0.2831488251686096,4.9444919889840566e-05
3.7061769616026714,0.26204186918817796,0.26209211349487305,5.0244306695090835e-05
3.7312186978297164,0.24054035576855484,0.2405906319618225,5.0276193267667635e-05
3.7562604340567614,0.21865291820343202,0.21870288252830505,4.996432487303082e-05
3.7813021702838063,0.19643801885960888,0.19648733735084534,4.9318491236460815e-05
3.8063439065108513,0.1739543545465405,0.1740037500858307,4.9395539290175705e-05
3.8313856427378967,0.15126070771288147,0.15131056308746338,4.9855374581908585e-05
3.8564273789649417,0.1284157989124194,0.1284671127796173,5.131386719792186e-05
3.8814691151919867,0.1054781408948732,0.10553178191184998,5.364101697677426e-05
3.9065108514190316,0.08250589466946726,0.08256235718727112,5.6462517803862466e-05
3.931552587646077,0.05955672788077573,0.05961642041802406,5.9692537248336175e-05
3.956594323873122,0.03668767582718882,0.03675064817070961,6.297234352078962e-05
3.981636060100167,0.01395500544246813,0.014019997790455818,6.499234798768884e-05
4.006677796327212,-0.008585917449736882,-0.008519379422068596,6.653802766828573e-05
4.031719532554257,-0.03088075730978401,-0.03081461600959301,6.614130019099926e-05
4.056761268781302,-0.05287633419762029,-0.052811648696660995,6.46855009592967e-05
4.081803005008347,-0.07452074495580255,-0.07445827126502991,6.247369077264087e-05
4.106844741235393,-0.09576347999874665,-0.09570404887199402,5.9431126752634844e-05
4.131886477462437,-0.116555535460581,-0.11649832129478455,5.721416579645977e-05
4.156928213689483,-0.1368495204680242,-0.13679364323616028,5.587723186392668e-05
4.181969949916527,-0.1565997593191723,-0.1565442979335785,5.546138559381353e-05
4.207011686143573,-0.17576238836402994,-0.1757051646709442,5.722369308572284e-05
4.232053422370618,-0.19429544739781282,-0.19423535466194153,6.009273587129216e-05
4.257095158597663,-0.21215896539368712,-0.2120964229106903,6.254248299680798e-05
4.282136894824708,-0.22931504041740935,-0.2292504608631134,6.457955429595152e-05
4.307178631051753,-0.2457279135824491,-0.24566325545310974,6.465812933936776e-05
4.332220367278798,-0.26136403692045945,-0.261301726102829,6.231081763047319e-05
4.357262103505843,-0.27619213505836243,-0.27613380551338196,5.832954498047327e-05
4.382303839732888,-0.2901832606098952,-0.29012957215309143,5.368845680375767e-05
4.407345575959933,-0.30331084320602714,-0.30326220393180847,4.863927421866476e-05
4.432387312186979,-0.3155507321053057,-0.3155050575733185,4.5674531987227596e-05
4.457429048414023,-0.32688123234179484,-0.32683664560317993,4.4586738614904586e-05
4.482470784641069,-0.33728313438481616,-0.33723798394203186,4.5150442784303024e-05
4.507512520868113,-0.34673973730113755,-0.3466922342777252,4.7503023412331924e-05
4.532554257095159,-0.3552368654265853,-0.3551871180534363,4.974737314900057e-05
4.557595993322204,-0.36276287857015777,-0.3627121150493622,5.076352079558255e-05
4.582637729549249,-0.36930867578964355,-0.3692587912082672,4.9884581376336e-05
4.607679465776294,-0.3748676927933939,-0.37482085824012756,4.683455326631725e-05
4.632721202003339,-0.37943589303825287,-0.37939390540122986,4.1987637023011004e-05
4.657762938230384,-0.38301175260869535,-0.3829760253429413,3.5727265754070814e-05
4.682804674457429,-0.3855962389768782,-0.38556650280952454,2.973616735368889e-05
4.707846410684474,-0.387192783757596,-0.38716819882392883,2.4584933667193276e-05
4.732888146911519,-0.38780724958597673,-0.3877857029438019,2.154664217485225e-05
4.757929883138565,-0.3874478912591411,-0.3874281048774719,1.9786381669162356e-05
4.782971619365609,-0.3861253112959647,-0.3861052393913269,2.0071904637819493e-05
4.808013355592655,-0.38385241008146237,-0.3838317096233368,2.0700458125577637e-05
4.833055091819699,-0.380644330774177,-0.38062235713005066,2.1973644126316305e-05
4.858096828046745,-0.3765183991662407,-0.37649643421173096,2.1964954509734458e-05
4.88313856427379,-0.3714940586964809,-0.3714730441570282,2.1014539452690606e-05
4.908180300500835,-0.3655928008270427,-0.3655743896961212,1.8411130921491825e-05
4.93322203672788,-0.3588380910034695,-0.35882386565208435,1.4225351385122043e-05
4.958263772954925,-0.351255290427013,-0.3512464463710785,8.844055934487116e-06
4.98330550918197,-0.34287157387611267,-0.34286895394325256,2.6199328601039795e-06
5.008347245409015,-0.33371584382148484,-0.3337191343307495,3.290509264675112e-06
5.03338898163606,-0.3238186410860693,-0.32382732629776,8.685211690728778e-06
5.058430717863105,-0.31321205230719773,-0.313225120306015,1.3067998817284376e-05
5.08347245409015,-0.30192961446377664,-0.3019457161426544,1.6101678877777914e-05
5.108514190317195,-0.29000621673595706,-0.2900237441062927,1.7527370335668202e-05
5.133555926544241,-0.2774779999687816,-0.27749621868133545,1.8218712553863536e-05
5.158597662771285,-0.26438225401454984,-0.26440075039863586,1.8496384086019724e-05
5.183639398998331,-0.2507573132312066,-0.25077587366104126,1.8560429834668657e-05
5.208681135225376,-0.2366424504159056,-0.2366618812084198,1.9430792514207873e-05
5.233722871452421,-0.22207776945400162,-0.22209933400154114,2.1564547539515422e-05
5.258764607679466,-0.2071040969641521,-0.2071284055709839,2.4308606831779933e-05
5.283806343906511,-0.19176287321992228,-0.1917915642261505,2.8691006228237503e-05
5.308848080133556,-0.176096042627268,-0.17612969875335693,3.3656126088937866e-05
5.333889816360601,-0.1601459440356415,-0.16018441319465637,3.8469159014870025e-05
5.358931552587646,-0.14395520115806532,-0.14399844408035278,4.324292228746751e-05
5.383973288814691,-0.12756661337253503,-0.12761345505714417,4.684168460913907e-05
5.409015025041736,-0.11102304717343311,-0.11107215285301208,4.910567957897016e-05
5.434056761268781,-0.09436732853733329,-0.09441763162612915,5.0303088795861095e-05
5.459098497495827,-0.07764213646267307,-0.07769256830215454,5.0431839481474006e-05
5.484140233722871,-0.06088989793723386,-0.06094023212790489,5.033419067103362e-05
5.509181969949917,-0.04415268458129644,-0.044203486293554306,5.080171225786689e-05
5.534223706176962,-0.027472111207674423,-0.027524380013346672,5.2268805672248814e-05
5.559265442404007,-0.010889236532646675,-0.010943828150629997,5.459161798332217e-05
5.584307178631052,0.00555553373589603,0.005497130099684,5.840363621203038e-05
5.609348914858097,0.021822541214944525,0.021760256960988045,6.22842539564801e-05
5.634390651085142,0.03787296635804719,0.03780749812722206,6.546823082512893e-05
5.6594323873121875,0.05366891696174386,0.05360129848122597,6.761848051789476e-05
5.684474123539232,0.06917351347588199,0.06910446286201477,6.9050613867222e-05
5.709515859766277,0.08435097093678515,0.0842827558517456,6.821508503954132e-05
5.734557595993322,0.09916667735247606,0.0991000235080719,6.665384440415756e-05
5.759599332220367,0.11358726837974177,0.11352220177650452,6.506660323725433e-05
5.784641068447413,0.1275806981436291,0.12751662731170654,6.407083192255802e-05
5.809682804674457,0.1411163060611229,0.1410519778728485,6.432818827439846e-05
5.834724540901503,0.15416487954207742,0.15409892797470093,6.595156737648766e-05
5.859766277128548,0.16669871245202647,0.16663077473640442,6.793771562205175e-05
5.884808013355593,0.17869165923324565,0.1786213517189026,7.030751434305982e-05
5.909849749582638,0.19011918459227534,0.19004732370376587,7.186088850946737e-05
5.934891485809683,0.20095840867411177,0.20088660717010498,7.180150400679097e-05
5.959933222036728,0.21118814765532828,0.21111798286437988,7.016479094840156e-05
5.9849749582637735,0.22078894970048907,0.22072149813175201,6.74515687370536e-05
6.010016694490818,0.22974312623834559,0.22967961430549622,6.35119328493694e-05
6.035058430717863,0.23803477852642127,0.2379744052886963,6.0373237724981044e-05
6.060100166944908,0.2456498194846505,0.24559223651885986,5.758296579064237e-05
6.085141903171953,0.2525759907907501,0.2525199055671692,5.6085223580915056e-05
6.110183639398999,0.2588028752418833,0.25874724984169006,5.562540019321549e-05
6.135225375626043,0.26432190439895303,0.26426586508750916,5.6039311443878415e-05
6.160267111853089,0.2691263615414652,0.26906946301460266,5.68985268625255e-05
6.185308848080133,0.27321137997232453,0.27315476536750793,5.661460481659608e-05
6.210350584307179,0.27657393672314484,0.2765185534954071,5.538322773773752e-05
6.235392320534224,0.2792128417216152,0.27915993332862854,5.290839298666139e-05
6.260434056761269,0.2811287224931864,0.28107979893684387,4.8923556342506114e-05
6.285475792988314,0.2823240044797583,0.2822801172733307,4.388720642761745e-05
6.3105175292153595,0.28280288706816104,0.2827647030353546,3.818403280642091e-05
6.335559265442404,0.2825713154310105,0.28253814578056335,3.316965044714015e-05
6.360601001669449,0.2816369482919347,0.28160759806632996,2.9350225604740654e-05
6.385642737896494,0.2800091217362327,0.27998271584510803,2.640589112468117e-05
6.410684474123539,0.2776988091966796,0.277673602104187,2.5207092492596228e-05
6.435726210350585,0.27471857775245045,0.2746940553188324,2.452243361805717e-05
6.460767946577629,0.27108254088695316,0.27105817198753357,2.4368899419591195e-05
6.485809682804675,0.2668063078577501,0.26678362488746643,2.2682970283682824e-05
6.510851419031719,0.2619069298386713,0.26188647747039795,2.045236827336039e-05
6.535893155258765,0.25640284300068233,0.2563870847225189,1.5758278163413575e-05
6.56093489148581,0.2503138087040478,0.2503035068511963,1.030185285150198e-05
6.585976627712855,0.24366085097982165,0.24365673959255219,4.111387269467581e-06
6.6110183639399,0.23646619148368211,0.23646777868270874,1.5871990266258518e-06
6.6360601001669455,0.22875318210961637,0.22875936329364777,6.181184031395226e-06
6.66110183639399,0.22054623545492769,0.22055482864379883,8.593188871142132e-06
6.686143572621035,0.21187075333148722,0.21188083291053772,1.0079579050498166e-05
6.71118530884808,0.2027530535211001,0.2027636170387268,1.0563517626710484e-05
6.736227045075125,0.19322029497524093,0.19323217868804932,1.188371280838596e-05
6.761268781302171,0.1833004016613277,0.1833147257566452,1.4324095317513885e-05
6.786310517529215,0.17302198525903603,0.17304053902626038,1.8553767224344098e-05
6.811352253756261,0.1624142669110232,0.1624382734298706,2.400651884740257e-05
6.836393989983305,0.15150699823273972,0.1515372395515442,3.024131880446923e-05
6.861435726210351,0.14033038178581247,0.1403660625219345,3.5680736122034595e-05
6.886477462437396,0.12891499121880068,0.12895457446575165,3.9583246950969375e-05
6.911519198664441,0.11729169127790025,0.11733396351337433,4.2272235474080655e-05
6.936560934891486,0.10549155788850072,0.10553398728370667,4.2429395205947906e-05
6.961602671118531,0.0935457985063092,0.09358806908130646,4.227057499725517e-05
6.986644407345576,0.08148567293409703,0.0815279483795166,4.227544541957062e-05
7.011686143572621,0.06934241479702218,0.06938540935516357,4.299455814139874e-05
7.036727879799666,0.05714715386590375,0.05719226971268654,4.511584678278807e-05
7.061769616026711,0.044930839413824065,0.04498041048645973,4.957107263566657e-05
7.086811352253757,0.03272416478701359,0.03277859464287758,5.442985586398552e-05
7.111853088480801,0.020557493366130702,0.02061745710670948,5.996374057877854e-05
7.136894824707847,0.008460786088825197,0.008525582030415535,6.479594159033812e-05
7.161936560934891,-0.0035364693011082833,-0.0034679449163377285,6.852438477055476e-05
7.186978297161937,-0.015405327118667255,-0.015334544703364372,7.07824153028825e-05
7.212020033388982,-0.027117450563610476,-0.027046291157603264,7.115940600721168e-05
7.237061769616027,-0.03864517636103803,-0.03857466205954552,7.05143014925122e-05
7.262103505843072,-0.04996157707706678,-0.04989215359091759,6.942348614918936e-05
7.287145242070117,-0.061040520977263826,-0.06097143515944481,6.908581781901735e-05
7.312186978297162,-0.07185672930297943,-0.07178765535354614,6.907394943328482e-05
7.337228714524207,-0.0823858308483755,-0.08231517672538757,7.065412298792872e-05
7.362270450751252,-0.09260441372888246,-0.0925309956073761,7.341812150636617e-05
7.387312186978297,-0.10249007423988568,-0.10241362452507019,7.644971481549079e-05
7.412353923205343,-0.11202146271272814,-0.11194178462028503,7.967809244310842e-05
7.437395659432387,-0.1211783262835353,-0.12109607458114624,8.22517023890551e-05
7.462437395659433,-0.1299415484989042,-0.12985730171203613,8.424678686808074e-05
7.487479131886477,-0.13829318569115723,-0.13820797204971313,8.521364144409294e-05
7.512520868113523,-0.14621650006458936,-0.1461310088634491,8.54912011402642e-05
7.537562604340568,-0.1536959894429268,-0.15361091494560242,8.507449732439443e-05
7.562604340567613,-0.16071741363704684,-0.16063374280929565,8.367082775118106e-05
7.587646076794658,-0.16726781740085017,-0.16718527674674988,8.254065410029376e-05
7.612687813021703,-0.1733355499520006,-0.17325466871261597,8.08812393846281e-05
7.637729549248748,-0.17891028104306878,-0.1788312792778015,7.900176526726144e-05
7.6627712854757934,-0.1839830135773496,-0.18390613794326782,7.68756340817911e-05
7.687813021702838,-0.18854609277231715,-0.18847030401229858,7.578876001856916e-05
7.712854757929883,-0.19259321188225922,-0.19251850247383118,7.470940842804752e-05
7.737896494156929,-0.19611941450010037,-0.1960446536540985,7.476084600185895e-05
7.762938230383973,-0.19912109346677107,-0.19904574751853943,7.534594823163654e-05
7.787979966611019,-0.20159598642465104,-0.20152029395103455,7.569247361649545e-05
7.813021702838063,-0.20354316805963074,-0.20346689224243164,7.62758171991007e-05
7.838063439065109,-0.2049630390841553,-0.2048875093460083,7.552973814700659e-05
7.863105175292154,-0.20585731202121998,-0.20578430593013763,7.300609108235045e-05
7.888146911519199,-0.2062289938566765,-0.20615951716899872,6.947668767778858e-05
7.913188647746244,-0.2060823656343505,-0.20601680874824524,6.555688610526689e-05
7.938230383973289,-0.20542295907535604,-0.20536112785339355,6.183122196248836e-05
7.963272120200334,-0.2042575303096091,-0.2041979432106018,5.958709900730219e-05
7.9883138564273795,-0.2025940308138689,-0.202535942196846,5.808861702288892e-05
8.013355592654424,-0.20044157565666842,-0.2003842294216156,5.734623505282421e-05
8.03839732888147,-0.19781040915621342,-0.19775354862213135,5.686053408207603e-05
8.063439065108515,-0.19471186806272942,-0.1946568489074707,5.501915525871204e-05
8.08848080133556,-0.19115834238179957,-0.19110597670078278,5.236568101679717e-05
8.113522537562604,-0.18716323395996573,-0.18711444735527039,4.878660469534446e-05
8.13856427378965,-0.18274091295823197,-0.1826961636543274,4.474930390457876e-05
8.163606010016695,-0.17790667234314292,-0.17786669731140137,3.997503174155148e-05
8.18864774624374,-0.17267668052874166,-0.17264097929000854,3.57012387331157e-05
8.213689482470786,-0.1670679323060214,-0.1670362651348114,3.166717121000362e-05
8.23873121869783,-0.1610981981993784,-0.16106969118118286,2.8507018195539358e-05
8.263772954924875,-0.15478597239211353,-0.15476015210151672,2.582029059680635e-05
8.28881469115192,-0.14815041936519852,-0.14812630414962769,2.4115215570830184e-05
8.313856427378965,-0.14121131939526746,-0.14118891954421997,2.239985104748876e-05
8.33889816360601,-0.13398901305921343,-0.13396930694580078,1.9706113412648607e-05
8.363939899833055,-0.12650434489377121,-0.12648776173591614,1.6583157855076802e-05
8.3889816360601,-0.11877860635908169,-0.11876635253429413,1.225382478756143e-05
8.414023372287145,-0.11083347825551992,-0.11082684993743896,6.628318080958984e-06
8.43906510851419,-0.102690972742902,-0.10268986970186234,1.1030410396600798e-06
8.464106844741236,-0.09437337511072588,-0.09437771141529083,4.336304564950266e-06
8.48914858096828,-0.0859031854472325,-0.08591142296791077,8.237520678272547e-06
8.514190317195325,-0.07730306035383211,-0.07731400430202484,1.0943948192732034e-05
8.53923205342237,-0.06859575484991086,-0.06860864162445068,1.2886774539824786e-05
8.564273789649416,-0.0598040646110589,-0.05981917306780815,1.5108456749249322e-05
8.589315525876462,-0.05095076868154552,-0.050967928022146225,1.715934060070312e-05
8.614357262103505,-0.042058572799267877,-0.04207940027117729,2.0827471909415363e-05
8.63939899833055,-0.033150053468472725,-0.03317568823695183,2.5634768479103343e-05
8.664440734557596,-0.02424760291238192,-0.024278489872813225,3.088696043130473e-05
8.689482470784641,-0.015373375034284428,-0.015410048887133598,3.667385284917071e-05
8.714524207011687,-0.006549232511903264,-0.006590647157281637,4.141464537837317e-05
8.739565943238732,0.002203304854239129,0.002158495131880045,4.480972235908426e-05
8.764607679465776,0.010863110422082656,0.010816635563969612,4.647485811304364e-05
8.789649415692821,0.019409499507094263,0.01936224289238453,4.7256614709733497e-05
8.814691151919867,0.027822276592145485,0.027774782851338387,4.749374080709884e-05
8.839732888146912,0.03608178084624458,0.03603251650929451,4.926433695007226e-05
8.864774624373958,0.0441689298553802,0.04411618784070015,5.27420146800503e-05
8.889816360601001,0.0520652614741881,0.052007708698511124,5.755277567697642e-05
8.914858096828047,0.05975297371273399,0.0596897192299366,6.325448279739104e-05
8.939899833055092,0.0672149625784522,0.06714582443237305,6.913814607915902e-05
8.964941569282137,0.0744348577992186,0.07436123490333557,7.362289588302984e-05
8.989983305509183,0.08139705635950972,0.08132043480873108,7.662155077864385e-05
9.015025041736227,0.08808675378777918,0.08800946176052094,7.729202725824391e-05
9.040066777963272,0.09448997313938763,0.09441354125738144,7.643188200619211e-05
9.065108514190317,0.10059359162572239,0.1005188599228859,7.473170283649189e-05
9.090150250417363,0.10638536484653828,0.10631277412176132,7.259072477695805e-05
9.115191986644408,0.1118539485889208,0.1117832288146019,7.071977431889753e-05
9.140233722871452,0.11698891816274197,0.11691974848508835,6.916967765362159e-05
9.165275459098497,0.12178078524891145,0.12171090394258499,6.988130632645806e-05
9.190317195325543,0.12622101224316082,0.12614917755126953,7.18346918912871e-05
9.215358931552588,0.13030202408454794,0.1302272081375122,7.481594703573347e-05
9.240400667779634,0.13401721756421658,0.13393810391426086,7.91136499557199e-05
9.265442404006677,0.1373609681163089,0.13727712631225586,8.384180405304753e-05
9.290484140233723,0.14032863409917615,0.14024029672145844,8.83373777177121e-05
9.315525876460768,0.1429165585812129,0.1428244709968567,9.208758435622078e-05
9.340567612687813,0.14512206865173982,0.1450272798538208,9.478879791902095e-05
9.365609348914859,0.14694347228331117,0.14684763550758362,9.583677572755356e-05
9.390651085141902,0.14838005277768787,0.14828526973724365,9.478304044421848e-05
9.415692821368948,0.14943206083341556,0.14934062957763672,9.143125577884548e-05
9.440734557595993,0.15010070427850364,0.15001407265663147,8.663162187216855e-05
9.465776293823039,0.15038813551710217,0.15030771493911743,8.042057798474112e-05
9.490818030050084,0.1502974367442808,0.15022394061088562,7.349613339519001e-05
9.51585976627713,0.14983260298804874,0.1497662365436554,6.636644439333983e-05
9.540901502504173,0.14899852304258837,0.14893847703933716,6.00460032512129e-05
9.565943238731219,0.14780095836129487,0.14774559438228607,5.536397900879342e-05
9.590984974958264,0.14624651998262705,0.14619500935077667,5.151063185038218e-05
9.61602671118531,0.14434264356595067,0.14429309964179993,4.954392415074116e-05
9.641068447412355,0.1420975626185065,0.14204835891723633,4.920370127017848e-05
9.666110183639399,0.13952027999833702,0.1394699066877365,5.037331060050998e-05
9.691151919866444,0.13662053778146502,0.13656967878341675,5.085899804826988e-05
9.71619365609349,0.13340878558481856,0.13335759937763214,5.118620718641553e-05
9.741235392320535,0.12989614743933448,0.12984588742256165,5.026001677282954e-05
9.76627712854758,0.12609438731035694,0.12604719400405884,4.7193306298098925e-05
9.791318864774624,0.12201587336484512,0.12197375297546387,4.212038938125606e-05
9.81636060100167,0.11767354108704935,0.1176375299692154,3.601111783395339e-05
9.841402337228715,0.11308085534616891,0.1130528375506401,2.8017795528800793e-05
9.86644407345576,0.10825177152108645,0.10823197662830353,1.979489278292057e-05
9.891485809682806,0.10320069578859016,0.10318900644779205,1.168934079810724e-05
9.91652754590985,0.09794244468250546,0.09793698787689209,5.456805613368587e-06
9.941569282136895,0.09249220403192246,0.09249106049537659,1.1435365458722924e-06
9.96661101836394,0.08686548738716733,0.08686648309230804,9.957051407133433e-07
9.991652754590985,0.0810780940423589,0.08108007907867432,1.985036315418909e-06
10.01669449081803,0.07514606676332683,0.07514792680740356,1.8600440767346793e-06
10.041736227045075,0.06908564932930181,0.06908752024173737,1.8709124355587026e-06
10.06677796327212,0.06291324399618126,0.06291645765304565,3.213656864398118e-06
10.091819699499165,0.05664536898830535,0.05665156617760658,6.197189301233863e-06
10.11686143572621,0.05029861612451177,0.0503099299967289,1.1313872217123822e-05
10.141903171953256,0.04388960868288582,0.04390749707818031,1.788839529449221e-05
10.1669449081803,0.037434959606954706,0.03746045008301735,2.5490476062643708e-05
10.191986644407345,0.03095123015421371,0.03098401613533497,3.278598112125761e-05
10.21702838063439,0.02445488908577151,0.0244943518191576,3.9462733386091964e-05
10.242070116861436,0.01796227249353601,0.018006565049290657,4.4292555754648494e-05
10.267111853088482,0.011489544358850192,0.011536987498402596,4.74431395524038e-05
10.292153589315527,0.005052657933692723,0.0051008486188948154,4.819068520209215e-05
10.31719532554257,-0.0013326819673839029,-0.0012849844060838223,4.769756130008061e-05
10.342237061769616,-0.007651055679559363,-0.007604417856782675,4.663782277668834e-05
10.367278797996661,-0.01388736432261596,-0.013841746374964714,4.56179476512452e-05
10.392320534223707,-0.020026864280187427,-0.0199811439961195,4.5720284067927996e-05
10.417362270450752,-0.026055200448871732,-0.02600794844329357,4.725200557816056e-05
10.442404006677796,-0.031958438186499315,-0.03190773352980614,5.070465669317764e-05
10.467445742904841,-0.037723093892798445,-0.03766786679625511,5.52270965433338e-05
10.492487479131887,-0.04333616415978469,-0.04327547177672386,6.069238306082719e-05
10.517529215358932,-0.04878515343338575,-0.04871901497244835,6.613846093739967e-05
10.542570951585978,-0.05405810013211956,-0.053986694663763046,7.140546835651684e-05
10.567612687813021,-0.05914360117302764,-0.05906837806105614,7.522311197150078e-05
10.592654424040067,-0.064030834859536,-0.06395325064659119,7.75842129448201e-05
10.617696160267112,-0.06870958209045973,-0.06863158941268921,7.799267777051921e-05
10.642737896494157,-0.07317024585396396,-0.07309374213218689,7.650372177707421e-05
10.667779632721203,-0.07740386897492235,-0.077330082654953,7.378631996934892e-05
10.692821368948247,-0.08140215008880623,-0.08133131265640259,7.083743240364482e-05
10.717863105175292,-0.08515745781991146,-0.08508965373039246,6.780408951900796e-05
10.742904841402337,-0.08866284314644489,-0.08859726786613464,6.557528031024551e-05
10.767946577629383,-0.09191204993968867,-0.09184756875038147,6.448118930720004e-05
10.792988313856428,-0.09489952366913534,-0.09483477473258972,6.47489365456222e-05
10.818030050083472,-0.09762041827015976,-0.09755450487136841,6.591339879134794e-05
10.843071786310517,-0.10007060117539676,-0.10000258684158325,6.801433381350974e-05
10.868113522537563,-0.10224665651557534,-0.10217651724815369,7.013926742165111e-05
10.893155258764608,-0.10414588650006723,-0.10407429933547974,7.158716458749437e-05
10.918196994991654,-0.10576631099184379,-0.10569432377815247,7.19872136913241e-05
10.943238731218699,-0.10710666529590197,-0.1070358157157898,7.084958011217835e-05
10.968280467445743,-0.1081663961844794,-0.10809716582298279,6.923036149661388e-05
10.993322203672788,-0.10894565618655436,-0.10887953639030457,6.61197962497917e-05
11.018363939899833,-0.10944529617317618,-0.10938295722007751,6.233895309866455e-05
11.043405676126879,-0.10966685627411453,-0.10960787534713745,5.8980926977078574e-05
11.068447412353924,-0.10961255516512494,-0.1095568835735321,5.567159159283741e-05
11.093489148580968,-0.10928527776880055,-0.10923227667808533,5.3001090715223964e-05
11.118530884808013,-0.10868856141551213,-0.1086372435092926,5.1317906219525145e-05
11.143572621035059,-0.10782658051431755,-0.10777637362480164,5.020688951591634e-05
11.168614357262104,-0.10670412978694137,-0.1066545844078064,4.954537913497148e-05
11.19365609348915,-0.10532660612098295,-0.10527828335762024,4.83227633627098e-05
11.218697829716193,-0.10369998910139615,-0.10365274548530579,4.724361609036165e-05
11.243739565943239,-0.10183082028199474,-0.10178568959236145,4.513068963328537e-05
11.268781302170284,-0.09972618126126472,-0.09968313574790955,4.3045513355169374e-05
11.29382303839733,-0.09739367062910904,-0.09735402464866638,3.964598044266243e-05
11.318864774624375,-0.09484137985330153,-0.09480538964271545,3.599021058607599e-05
11.343906510851419,-0.09207786817638931,-0.09204626083374023,3.160734264907872e-05
11.368948247078464,-0.08911213659554709,-0.08908471465110779,2.7421944439304236e-05
11.39398998330551,-0.08595360099945011,-0.08593031764030457,2.328335914554558e-05
11.419031719532555,-0.0826120645376005,-0.08259215950965881,1.9905027941691245e-05
11.4440734557596,-0.07909768929870337,-0.07908055186271667,1.7137435986691596e-05
11.469115191986644,-0.0754209673756501,-0.07540634274482727,1.4624630822829277e-05
11.49415692821369,-0.07159269139542615,-0.07158011198043823,1.2579414987917703e-05
11.519198664440735,-0.0676239245928108,-0.0676133930683136,1.0531524497203737e-05
11.54424040066778,-0.06352597050709363,-0.06351783871650696,8.131790586674015e-06
11.569282136894826,-0.05931034238117884,-0.05930474027991295,5.60210126589189e-06
11.59432387312187,-0.05498873234240314,-0.054986622184515,2.1101578881396743e-06
11.619365609348915,-0.05057298044414813,-0.05057492479681969,1.944352671555405e-06
11.64440734557596,-0.04607504364688246,-0.04608115181326866,6.108166386201153e-06
11.669449081803005,-0.041506964816642275,-0.041517551988363266,1.0587171720990995e-05
11.69449081803005,-0.03688084181813178,-0.03689536079764366,1.4518979511879415e-05
11.719532554257096,-0.032208796778624225,-0.03222596272826195,1.7165949637722167e-05
11.74457429048414,-0.027502945597660512,-0.027522830292582512,1.988469492199968e-05
11.769616026711185,-0.022775367776171243,-0.022797612473368645,2.224469719740163e-05
11.79465776293823,-0.018038076637131664,-0.018062381073832512,2.4304436700848392e-05
11.819699499165276,-0.013302990008152918,-0.013329712674021721,2.672266586880266e-05
11.844741235392322,-0.008581901434558278,-0.008611051365733147,2.9149931174868998e-05
11.869782971619365,-0.003886451989497967,-0.003918883856385946,3.2431866887979235e-05
11.89482470784641,0.000771897254515485,0.00073600048199296,3.5896772522525005e-05
11.919866444073456,0.005381892030543055,0.005342575255781412,3.931677476164304e-05
11.944908180300501,0.009932510898954102,0.009889574721455574,4.293617749852839e-05
11.969949916527547,0.01441299042883712,0.014367552474141121,4.543795469599994e-05
11.99499165275459,0.01881284948461797,0.018766017630696297,4.6831853921673605e-05
12.020033388981636,0.023121912566210902,0.023073913529515266,4.799903669563607e-05
12.045075125208681,0.02733033215388625,0.027280809357762337,4.952279612391308e-05
12.070116861435727,0.03142861001202063,0.0313783623278141,5.024768420652803e-05
12.095158597662772,0.03540761740894942,0.03535604849457741,5.15689143720105e-05
12.120200333889816,0.03925861421326215,0.03920576348900795,5.28507242541984e-05
12.145242070116861,0.042973266830096515,0.04291892424225807,5.434258783844348e-05
12.170283806343907,0.04654366494422861,0.0464877225458622,5.594239836641257e-05
12.195325542570952,0.04996233704007533,0.049904707819223404,5.762922085192357e-05
12.220367278797998,0.053222264672074436,0.05316314473748207,5.911993459236514e-05
12.245409015025041,0.056316895462281184,0.05625620856881142,6.068689346976769e-05
12.270450751252087,0.05924015480544182,0.059179190546274185,6.0964259167635426e-05
12.295492487479132,0.061986456265211744,0.06192601099610329,6.044526910845699e-05
12.320534223706177,0.06455071064862489,0.06449072062969208,5.999001893280953e-05
12.345575959933223,0.06692833374934373,0.0668686181306839,5.971561865983355e-05
12.370617696160267,0.06911525275363606,0.06905606389045715,5.918886317890504e-05
12.395659432387312,0.07110791130641997,0.07104901969432831,5.8891612091660495e-05
12.420701168614357,0.07290327323809341,0.07284468412399292,5.8589114100490725e-05
12.445742904841403,0.07449882495619314,0.07444052398204803,5.830097414510904e-05
12.470784641068448,0.07589257650922511,0.07583455741405487,5.801909517023918e-05
12.495826377295494,0.07708306133324454,0.07702597230672836,5.7089026516174424e-05
12.520868113522537,0.07806933469494522,0.07801268994808197,5.664474686324639e-05
12.545909849749583,0.0788509708481384,0.0787958949804306,5.5075867707796156e-05
12.570951585976628,0.07942805892353476,0.07937487959861755,5.317932491720467e-05
12.595993322203674,0.07980119757471564,0.07974983751773834,5.1360056977298174e-05
12.621035058430719,0.07997148840604681,0.07992178946733475,4.969893871206721e-05
12.646076794657763,0.07994052821107527,0.07989221811294556,4.8310098129708545e-05
12.671118530884808,0.07971040005263245,0.0796632245182991,4.7175534333351865e-05
12.696160267111853,0.0792836632184458,0.07923723012208939,4.6433096356407466e-05
12.721202003338899,0.07866334208853004,0.07861778140068054,4.5560687849499626e-05
12.746243739565944,0.0778529139529839,0.0778084322810173,4.448167196659247e-05
12.771285475792988,0.07685629582105086,0.0768129825592041,4.331326184675577e-05
12.796327212020033,0.07567783026441367,0.07563663274049759,4.119752391608389e-05
12.821368948247079,0.07432227033967394,0.07428361475467682,3.865558499711874e-05
12.846410684474124,0.07279476363681683,0.07275879383087158,3.596980594525179e-05
12.87145242070117,0.07110083550217526,0.07106778025627136,3.305524590389852e-05
12.896494156928213,0.06924637148598733,0.06921608746051788,3.0284025469451414e-05
12.921535893155259,0.06723759906607095,0.06721009314060211,2.7505925468837567e-05
12.946577629382304,0.06508106870043852,0.06505553424358368,2.553445685483935e-05
12.97161936560935,0.06278363426281755,0.06275932490825653,2.430935456101957e-05
12.996661101836395,0.06035243291604712,0.060329679399728775,2.2753516318342604e-05
13.021702838063439,0.05779486447917701,0.05777396634221077,2.0898136966242264e-05
13.046744574290484,0.05511857034479751,0.05509965494275093,1.8915402046577878e-05
13.07178631051753,0.05233141200369394,0.05231473222374916,1.667977994478098e-05
13.096828046744575,0.04944144923432591,0.04942827299237251,1.3176241953398449e-05
13.12186978297162,0.046456918014894,0.04644722118973732,9.696825156682576e-06
13.146911519198664,0.043386208215879685,0.04338035359978676,5.854616092926257e-06
13.17195325542571,0.040237841130904624,0.040235359221696854,2.4819092077701943e-06
13.196994991652755,0.03702044690359353,0.037021223455667496,7.765520739638765e-07
13.2220367278798,0.0337427419078018,0.03374645486474037,3.7129569385729866e-06
13.247078464106846,0.030413506138114037,0.03041878528892994,5.2791508159018286e-06
13.272120200333891,0.02704156066693426,0.027047904208302498,6.343541368237365e-06
13.297161936560935,0.02363574522375021,0.023643197491765022,7.452268014813274e-06
13.32220367278798,0.020204895951302,0.020214589312672615,9.693361370615577e-06
13.347245409015025,0.016757823392402716,0.016769083216786385,1.1259824383668543e-05
13.37228714524207,0.013303290760032995,0.013317229226231575,1.3938466198579538e-05
13.397328881469116,0.009849992542114718,0.009867699816823006,1.7707274708287854e-05
13.42237061769616,0.006406533491017281,0.006427886430174112,2.1352939156830952e-05
13.447412353923205,0.0029814080463824136,0.0030062817968428135,2.4873750460399895e-05
13.47245409015025,-0.0004170197616939508,-0.0003894246183335781,2.7595143360372668e-05
13.497495826377296,-0.0037805358837733074,-0.003750679548829794,2.9856334943513443e-05
13.522537562604342,-0.007101095252877217,-0.007069078739732504,3.2016513144713515e-05
13.547579298831385,-0.010370840175238507,-0.010338304564356804,3.2535610881703064e-05
13.57262103505843,-0.01358211807020764,-0.013549206778407097,3.291129180054385e-05
13.597662771285476,-0.01672749852152378,-0.016693739220499992,3.375930102378702e-05
13.622704507512521,-0.019799789604276436,-0.019764451310038567,3.533829423786952e-05
13.647746243739567,-0.022792053454029695,-0.022754667326807976,3.7386127221719634e-05
13.67278797996661,-0.025697621046811548,-0.02565738372504711,4.0237321764436534e-05
13.697829716193656,-0.028510106160959187,-0.02846759371459484,4.2512446364346285e-05
13.722871452420701,-0.031223418494125507,-0.031179634854197502,4.378363992800505e-05
13.747913188647747,-0.03383177591114589,-0.033787306398153305,4.446951299258428e-05
13.772954924874792,-0.03632971580085978,-0.03628554567694664,4.417012391313979e-05
13.797996661101836,-0.03871210552242858,-0.03866824135184288,4.386417058570291e-05
13.823038397328881,-0.040974151924163045,-0.04093026742339134,4.388450077170286e-05
13.848080133555927,-0.04311140992034379,-0.043066974729299545,4.4435191044245315e-05
13.873121869782972,-0.045119790114029654,-0.04507490620017052,4.4883913859136704e-05
13.898163606010018,-0.04699556545633674,-0.04694920405745506,4.6361398881679394e-05
13.923205342237061,-0.04873537693517338,-0.048687782138586044,4.7594796587335786e-05
13.948247078464107,-0.050336238288913086,-0.05028912052512169,4.711776379139748e-05
13.973288814691152,-0.051795539742957704,-0.05174904689192772,4.649285102998474e-05
13.998330550918197,-0.053111050769606934,-0.05306616052985191,4.489023975502021e-05
14.023372287145243,-0.054280921874082885,-0.054238464683294296,4.2457190788589005e-05
14.048414023372288,-0.05530368541195662,-0.05526306852698326,4.061688497335875e-05
14.073455759599332,-0.056178255445592934,-0.05613751336932182,4.0742076271110816e-05
14.098497495826377,-0.05690392664954871,-0.05686267837882042,4.1248270728287684e-05
14.123539232053423,-0.05748037227713337,-0.05743863806128502,4.1734215848347744e-05
14.148580968280468,-0.0579076412025657,-0.05786493048071861,4.2710721847090405e-05
14.173622704507514,-0.05818615405531822,-0.058144669979810715,4.148407550750438e-05
14.198664440734557,-0.05831669846534456,-0.05827678367495537,3.99147903891936e-05
14.223706176961603,-0.058300423439915816,-0.058264460414648056,3.5963025267760074e-05
14.248747913188648,-0.058138832894751545,-0.058107297867536545,3.153502721500029e-05
14.273789649415694,-0.05783377836401752,-0.05780717357993126,2.6604784086260713e-05
14.298831385642739,-0.057387450915563874,-0.05736646428704262,2.098662852125649e-05
14.323873121869783,-0.05680237229949962,-0.05678505823016167,1.7314069337956428e-05
14.348914858096828,-0.05608138535983065,-0.05606524273753166,1.6142622298986886e-05
14.373956594323873,-0.05522764374043359,-0.05521170422434807,1.5939516085521077e-05
14.398998330550919,-0.0542446009180836,-0.054227378219366074,1.7222698717525575e-05
14.424040066777964,-0.053135998596610896,-0.05311644449830055,1.9554098310343992e-05
14.449081803005008,-0.05190585449751232,-0.05188509449362755,2.0760003884769118e-05
14.474123539232053,-0.05055844958349965,-0.05053772032260895,2.0729260890701984e-05
14.499165275459099,-0.04909831475251948,-0.04908051714301109,1.7797609508388157e-05
14.524207011686144,-0.04753021704072206,-0.04751744866371155,1.2768377010509424e-05
14.54924874791319,-0.04585914537370255,-0.045854080468416214,5.064905286338017e-06
14.574290484140233,-0.04409029590607331,-0.04409389570355415,3.5997974808452127e-06
14.599332220367279,-0.04222905699004886,-0.04224153235554695,1.2475365498088031e-05
14.624373956594324,-0.04028099381425445,-0.040300991386175156,1.9997571920706003e-05
14.64941569282137,-0.03825183275437045,-0.038277093321084976,2.5260566714528643e-05
14.674457429048415,-0.03614744547753783,-0.03617461398243904,2.7168504901212143e-05
14.699499165275459,-0.03397383284264398,-0.03399867191910744,2.4839076463459286e-05
14.724540901502504,-0.03173710863869308,-0.03175775334239006,2.0644703696982847e-05
14.74958263772955,-0.029443483203458784,-0.02945776842534542,1.4285221886636834e-05
14.774624373956595,-0.02709924696448277,-0.027108831331133842,9.584366651074067e-06
14.79966611018364,-0.02471075394426675,-0.024717984721064568,7.230776797817473e-06
14.824707846410686,-0.022284405271175436,-0.022293878719210625,9.473448035188237e-06
14.84974958263773,-0.019826632737135325,-0.019842980429530144,1.6347692394818453e-05
14.874791318864775,-0.01734388244269514,-0.01737101934850216,2.713690580702019e-05
14.89983305509182,-0.014842598569386764,-0.014881974086165428,3.937551677866448e-05
14.924874791318866,-0.01232920731860874,-0.012377647683024406,4.8440364415666334e-05
14.949916527545911,-0.009810101055454755,-0.0098614152520895,5.1314196634745166e-05
14.974958263772955,-0.007291622695005166,-0.007338834460824728,4.721176581956241e-05
15.0,-0.004780050367630568,-0.004821164067834616,4.111370020404813e-05
