t,x_true,x_pinn
0.0,1.0,1.0000025033950806
0.025041736227045076,0.9987502610881249,0.998737096786499
0.05008347245409015,0.9950207847437162,0.9949623346328735
0.07512520868113523,0.9888455919580886,0.9887110590934753
0.1001669449081803,0.9802644674705472,0.9800194501876831
0.12520868113522537,0.9693228030475483,0.9689282178878784
0.15025041736227046,0.9560714283325668,0.9554822444915771
0.17529215358931552,0.9405664298126348,0.939732015132904
0.2003338898163606,0.9228689584717201,0.9217338562011719
0.2253756260434057,0.9030450267236686,0.9015491008758545
0.25041736227045075,0.8811652952382695,0.8792442083358765
0.27545909849749584,0.8573048502931137,0.8548904657363892
0.3005008347245409,0.8315429723012467,0.8285636901855469
0.325542570951586,0.8039628961801608,0.8003432750701904
0.35058430717863104,0.7746515642413953,0.7703112363815308
0.3756260434056761,0.7436993722919056,0.7385533452033997
0.4006677796327212,0.7111999096484177,0.705157995223999
0.4257095158597663,0.6772496937741748,0.670217752456665
0.4507512520868114,0.6419479002538416,0.6338279247283936
0.4757929883138564,0.605396088826826,0.5960891246795654
0.5008347245409015,0.5676979262019305,0.557106614112854
0.5258764607679466,0.528958906377084,0.5169913172721863
0.5509181969949917,0.4892860691869023,0.475859671831131
0.5759599332220368,0.44878771779805576,0.43383392691612244
0.6010016694490818,0.4075731358678678,0.3910418450832367
0.6260434056761269,0.3657523050752765,0.347616046667099
0.651085141903172,0.3234356237252982,0.30369189381599426
0.676126878130217,0.2807336271184606,0.25940823554992676
0.7011686143572621,0.23775671036538443,0.21490302681922913
0.7262103505843072,0.19461485431380365,0.17031294107437134
0.7512520868113522,0.15141735524090166,0.125771164894104
0.7762938230383973,0.10827255894794008,0.08140543848276138
0.8013355592654424,0.065287599876817,0.037338051944971085
0.8263772954924875,0.022568145849491413,-0.006315167061984539
0.8514190317195326,-0.019781850988815974,-0.049444761127233505
0.8764607679465777,-0.06166039646299831,-0.09194543212652206
0.9015025041736228,-0.10296768936083067,-0.13371741771697998
0.9265442404006679,-0.14360634861150975,-0.17466485500335693
0.9515859766277128,-0.1834816321609682,-0.214695006608963
0.9766277128547579,-0.22250164708055553,-0.25372064113616943
1.001669449081803,-0.26057755047217396,-0.291657954454422
1.0267111853088482,-0.2976237407602781,-0.32842904329299927
1.0517529215358932,-0.33355803898921416,-0.36396101117134094
1.0767946577629381,-0.36830185977312335,-0.3981863558292389
1.1018363939899833,-0.40178037157496105,-0.4310432970523834
1.1268781302170283,-0.4339226460210385,-0.4624723494052887
1.1519198664440735,-0.46466179598779017,-0.4924182593822479
1.1769616026711185,-0.4939351022280859,-0.5208274722099304
1.2020033388981637,-0.5216841283353529,-0.5476481318473816
1.2270450751252087,-0.5478548238748583,-0.5728296637535095
1.2520868113522539,-0.5723976155427515,-0.5963239669799805
1.2771285475792988,-0.5952674862447106,-0.6180867552757263
1.302170283806344,-0.6164240420172775,-0.6380776166915894
1.327212020033389,-0.635831566746053,-0.6562618017196655
1.352253756260434,-0.6534590646658418,-0.6726114153862
1.3772954924874792,-0.6692802906584703,-0.6871034502983093
1.4023372287145242,-0.6832737683942884,-0.6997215747833252
1.4273789649415694,-0.6954227963932477,-0.7104549407958984
1.4524207011686143,-0.7057154421108324,-0.7192962169647217
1.4774624373956595,-0.7141445241829546,-0.72624272108078
1.5025041736227045,-0.7207075829921304,-0.7312939167022705
1.5275459098497497,-0.7254068397447885,-0.7344537377357483
1.5525876460767947,-0.728249144276324,-0.73572838306427
1.5776293823038399,-0.7292459118264945,-0.7351281642913818
1.6026711185308848,-0.7284130490528478,-0.732667088508606
1.6277128547579298,-0.7257708695740646,-0.7283653020858765
1.652754590984975,-0.7213439993583136,-0.7222464680671692
1.67779632721202,-0.7151612722939147,-0.7143412232398987
1.7028380634390652,-0.7072556163007466,-0.7046869993209839
1.7278797996661102,-0.6976639303608615,-0.6933268308639526
1.7529215358931554,-0.6864269528656601,-0.680311381816864
1.7779632721202003,-0.6735891216946881,-0.6656975150108337
1.8030050083472455,-0.6591984264576072,-0.6495474576950073
1.8280467445742905,-0.6433062533461532,-0.6319282054901123
1.8530884808013357,-0.6259672230568745,-0.6129107475280762
1.8781302170283807,-0.6072390222581487,-0.592568039894104
1.9031719532554257,-0.587182229086361,-0.5709734559059143
1.9282136894824708,-0.5658601331661925,-0.5482003688812256
1.9532554257095158,-0.5433385506587071,-0.5243223309516907
1.978297161936561,-0.5196856348482968,-0.4994122087955475
2.003338898163606,-0.4949716827856026,-0.4735439717769623
2.028380634390651,-0.46926893850819834,-0.4467926323413849
2.0534223706176964,-0.4426513933641738,-0.41923585534095764
2.0784641068447414,-0.41519458396575437,-0.39095285534858704
2.1035058430717863,-0.386975388300727,-0.3620239496231079
2.1285475792988313,-0.35807182052882425,-0.3325302302837372
2.1535893155258763,-0.328562824988198,-0.30255231261253357
2.1786310517529217,-0.29852806993388575,-0.27216795086860657
2.2036727879799667,-0.2680477415256285,-0.2414531111717224
2.2287145242070117,-0.23720233857660428,-0.21048294007778168
2.2537562604340566,-0.20607246856768416,-0.17933110892772675
2.278797996661102,-0.17473864542357986,-0.14807282388210297
2.303839732888147,-0.14328108953795898,-0.11678624898195267
2.328881469115192,-0.11177953052408598,-0.08555103093385696
2.353923205342237,-0.08031301315604884,-0.05445012077689171
2.3789649415692824,-0.04895970695299381,-0.023566436022520065
2.4040066777963274,-0.017796719845207785,0.007018198259174824
2.4290484140233723,0.013100083653668396,0.037225205451250076
2.4540901502504173,0.04365625935949577,0.06698121875524521
2.4791318864774623,0.07379895502308587,0.09621723741292953
2.5041736227045077,0.10345707625294515,0.12486974149942398
2.5292153589315527,0.13256144639790376,0.152879536151886
2.5542570951585977,0.1610449600508969,0.18018995225429535
2.5792988313856426,0.18884272985441003,0.20674613118171692
2.604340567612688,0.21589222630803798,0.23249629139900208
2.629382303839733,0.24213341029903784,0.2573903501033783
2.654424040066778,0.26750885809769503,0.28138139843940735
2.679465776293823,0.2919638785807051,0.3044261038303375
2.704507512520868,0.3154466224675164,0.3264862298965454
2.7295492487479134,0.3379081833766711,0.347526490688324
2.7545909849749584,0.359302690531491,0.36751824617385864
2.7796327212020033,0.3795873929670183,0.3864336907863617
2.8046744574290483,0.39872273511278933,0.4042489230632782
2.8297161936560937,0.4166724236487886,0.4209401607513428
2.8547579298831387,0.4334034855547422,0.43648532032966614
2.8797996661101837,0.44888631729566725,0.4508605897426605
2.9048414023372287,0.46309472510928834,0.4640435576438904
2.929883138564274,0.47600595638347637,0.4760120213031769
2.954924874791319,0.48760072213421296,0.48674413561820984
2.979966611018364,0.49786321061669764,0.49622127413749695
3.005008347245409,0.5067810921239957,0.5044276714324951
3.030050083472454,0.514345515049095,0.5113513469696045
3.0550918196994994,0.5205510933072627,0.5169851183891296
3.0801335559265444,0.5253958852362048,0.5213263034820557
3.1051752921535893,0.5288813641116126,0.5243779420852661
3.1302170283806343,0.5310123804352366,0.5261462926864624
3.1552587646076797,0.5317971161715935,0.5266424417495728
3.1803005008347247,0.5312470311277412,0.5258793830871582
3.2053422370617697,0.5293768016882345,0.5238728523254395
3.2303839732888147,0.5262042521343254,0.5206390619277954
3.2554257095158596,0.5217502787927016,0.5161951780319214
3.280467445742905,0.5160387672744994,0.5105586051940918
3.30550918196995,0.5090965030799744,0.5037462115287781
3.330550918196995,0.5009530758580212,0.49577566981315613
3.35559265442404,0.49164077762268327,0.48666608333587646
3.3806343906510854,0.4811944952408655,0.47643813490867615
3.4056761268781304,0.4696515975166221,0.46511563658714294
3.4307178631051753,0.4570518172076329,0.45272746682167053
3.4557595993322203,0.44343712831878607,0.43930694460868835
3.4808013355592653,0.42885161902612595,0.4248926341533661
3.5058430717863107,0.41334136059181575,0.4095288813114166
3.5308848080133557,0.396954272637164,0.3932659327983856
3.5559265442404007,0.3797399851462019,0.3761570155620575
3.5809682804674456,0.3617496975767435,0.35825973749160767
3.606010016694491,0.3430360354593121,0.33963194489479065
3.631051752921536,0.323652904866811,0.3203328549861908
3.656093489148581,0.3036553451392913,0.3004203736782074
3.681135225375626,0.2830993802487198,0.27995169162750244
3.7061769616026714,0.26204186918817796,0.25898340344429016
3.7312186978297164,0.24054035576855484,0.2375715970993042
3.7562604340567614,0.21865291820343202,0.21577328443527222
3.7813021702838063,0.19643801885960888,0.19364717602729797
3.8063439065108513,0.1739543545465405,0.17125451564788818
3.8313856427378967,0.15126070771288147,0.14865738153457642
3.8564273789649417,0.1284157989124194,0.12591928243637085
3.8814691151919867,0.1054781408948732,0.10310308635234833
3.9065108514190316,0.08250589466946726,0.08026895672082901
3.931552587646077,0.05955672788077573,0.057474661618471146
3.956594323873122,0.03668767582718882,0.03477499261498451
3.981636060100167,0.01395500544246813,0.012221512384712696
4.006677796327212,-0.008585917449736882,-0.010135921649634838
4.031719532554257,-0.03088075730978401,-0.03224928304553032
4.056761268781302,-0.05287633419762029,-0.054071348160505295
4.081803005008347,-0.07452074495580255,-0.07555755227804184
4.106844741235393,-0.09576347999874665,-0.09666561335325241
4.131886477462437,-0.116555535460581,-0.11735450476408005
4.156928213689483,-0.1368495204680242,-0.13758517801761627
4.181969949916527,-0.1565997593191723,-0.15731924772262573
4.207011686143573,-0.17576238836402994,-0.17651523649692535
4.232053422370618,-0.19429544739781282,-0.19513007998466492
4.257095158597663,-0.21215896539368712,-0.21311832964420319
4.282136894824708,-0.22931504041740935,-0.23043106496334076
4.307178631051753,-0.2457279135824491,-0.24701988697052002
4.332220367278798,-0.26136403692045945,-0.2628379166126251
4.357262103505843,-0.27619213505836243,-0.27784010767936707
4.382303839732888,-0.2901832606098952,-0.2919865548610687
4.407345575959933,-0.30331084320602714,-0.30524101853370667
4.432387312186979,-0.3155507321053057,-0.31757089495658875
4.457429048414023,-0.32688123234179484,-0.3289479613304138
4.482470784641069,-0.33728313438481616,-0.33934643864631653
4.507512520868113,-0.34673973730113755,-0.34874245524406433
4.532554257095159,-0.3552368654265853,-0.3571159541606903
4.557595993322204,-0.36276287857015777,-0.36444899439811707
4.582637729549249,-0.36930867578964355,-0.3707260489463806
4.607679465776294,-0.3748676927933939,-0.3759356737136841
4.632721202003339,-0.37943589303825287,-0.38007044792175293
4.657762938230384,-0.38301175260869535,-0.38312673568725586
4.682804674457429,-0.3855962389768782,-0.38510504364967346
4.707846410684474,-0.387192783757596,-0.38601088523864746
4.732888146911519,-0.38780724958597673,-0.38585397601127625
4.757929883138565,-0.3874478912591411,-0.3846476674079895
4.782971619365609,-0.3861253112959647,-0.38240984082221985
4.808013355592655,-0.38385241008146237,-0.37916046380996704
4.833055091819699,-0.380644330774177,-0.3749223053455353
4.858096828046745,-0.3765183991662407,-0.3697208762168884
4.88313856427379,-0.3714940586964809,-0.36358335614204407
4.908180300500835,-0.3655928008270427,-0.3565386235713959
4.93322203672788,-0.3588380910034695,-0.34861814975738525
4.958263772954925,-0.351255290427013,-0.33985403180122375
4.98330550918197,-0.34287157387611267,-0.330282062292099
5.008347245409015,-0.33371584382148484,-0.31993845105171204
5.03338898163606,-0.3238186410860693,-0.30886074900627136
5.058430717863105,-0.31321205230719773,-0.2970884144306183
5.08347245409015,-0.30192961446377664,-0.2846606373786926
5.108514190317195,-0.29000621673595706,-0.27161744236946106
5.133555926544241,-0.2774779999687816,-0.25799980759620667
5.158597662771285,-0.26438225401454984,-0.24384859204292297
5.183639398998331,-0.2507573132312066,-0.22920557856559753
5.208681135225376,-0.2366424504159056,-0.2141149342060089
5.233722871452421,-0.22207776945400162,-0.19862177968025208
5.258764607679466,-0.2071040969641521,-0.18277278542518616
5.283806343906511,-0.19176287321992228,-0.1666170060634613
5.308848080133556,-0.176096042627268,-0.150203675031662
5.333889816360601,-0.1601459440356415,-0.133581280708313
5.358931552587646,-0.14395520115806532,-0.1167990043759346
5.383973288814691,-0.12756661337253503,-0.09990381449460983
5.409015025041736,-0.11102304717343311,-0.08294094353914261
5.434056761268781,-0.09436732853733329,-0.06595731526613235
5.459098497495827,-0.07764213646267307,-0.04899930581450462
5.484140233722871,-0.06088989793723386,-0.0321139357984066
5.509181969949917,-0.04415268458129644,-0.015351290814578533
5.534223706176962,-0.027472111207674423,0.0012393342331051826
5.559265442404007,-0.010889236532646675,0.01760934665799141
5.584307178631052,0.00555553373589603,0.03370996192097664
5.609348914858097,0.021822541214944525,0.0494961179792881
5.634390651085142,0.03787296635804719,0.0649256631731987
5.6594323873121875,0.05366891696174386,0.07995886355638504
5.684474123539232,0.06917351347588199,0.09455999732017517
5.709515859766277,0.08435097093678515,0.10869836062192917
5.734557595993322,0.09916667735247606,0.12234649807214737
5.759599332220367,0.11358726837974177,0.13548406958580017
5.784641068447413,0.1275806981436291,0.1480962187051773
5.809682804674457,0.1411163060611229,0.1601729542016983
5.834724540901503,0.15416487954207742,0.1717097908258438
5.859766277128548,0.16669871245202647,0.18270449340343475
5.884808013355593,0.17869165923324565,0.1931552290916443
5.909849749582638,0.19011918459227534,0.20306001603603363
5.934891485809683,0.20095840867411177,0.21241559088230133
5.959933222036728,0.21118814765532828,0.22121617197990417
5.9849749582637735,0.22078894970048907,0.22945407032966614
6.010016694490818,0.22974312623834559,0.23712170124053955
6.035058430717863,0.23803477852642127,0.24420970678329468
6.060100166944908,0.2456498194846505,0.2507101595401764
6.085141903171953,0.2525759907907501,0.2566160559654236
6.110183639398999,0.2588028752418833,0.2619223892688751
6.135225375626043,0.26432190439895303,0.2666252851486206
6.160267111853089,0.2691263615414652,0.270722895860672
6.185308848080133,0.27321137997232453,0.2742139399051666
6.210350584307179,0.27657393672314484,0.27709701657295227
6.235392320534224,0.2792128417216152,0.2793691158294678
6.260434056761269,0.2811287224931864,0.28102609515190125
6.285475792988314,0.2823240044797583,0.28206148743629456
6.3105175292153595,0.28280288706816104,0.2824659049510956
6.335559265442404,0.2825713154310105,0.28223034739494324
6.360601001669449,0.2816369482919347,0.281345009803772
6.385642737896494,0.2800091217362327,0.27980300784111023
6.410684474123539,0.2776988091966796,0.27759850025177
6.435726210350585,0.27471857775245045,0.2747304141521454
6.460767946577629,0.27108254088695316,0.2712002396583557
6.485809682804675,0.2668063078577501,0.2670113742351532
6.510851419031719,0.2619069298386713,0.2621699571609497
6.535893155258765,0.25640284300068233,0.25668400526046753
6.56093489148581,0.2503138087040478,0.2505634129047394
6.585976627712855,0.24366085097982165,0.24382096529006958
6.6110183639399,0.23646619148368211,0.23647229373455048
6.6360601001669455,0.22875318210961637,0.2285374402999878
6.66110183639399,0.22054623545492769,0.2200412005186081
6.686143572621035,0.21187075333148722,0.2110116183757782
6.71118530884808,0.2027530535211001,0.20148257911205292
6.736227045075125,0.19322029497524093,0.19149218499660492
6.761268781302171,0.1833004016613277,0.18108008801937103
6.786310517529215,0.17302198525903603,0.17028847336769104
6.811352253756261,0.1624142669110232,0.15916003286838531
6.836393989983305,0.15150699823273972,0.14773699641227722
6.861435726210351,0.14033038178581247,0.1360607147216797
6.886477462437396,0.12891499121880068,0.12417364865541458
6.911519198664441,0.11729169127790025,0.11211702972650528
6.936560934891486,0.10549155788850072,0.09993316233158112
6.961602671118531,0.0935457985063092,0.08766496181488037
6.986644407345576,0.08148567293409703,0.07535406202077866
7.011686143572621,0.06934241479702218,0.06304211169481277
7.036727879799666,0.05714715386590375,0.05076855793595314
7.061769616026711,0.044930839413824065,0.038570258766412735
7.086811352253757,0.03272416478701359,0.02648128941655159
7.111853088480801,0.020557493366130702,0.014533077366650105
7.136894824707847,0.008460786088825197,0.0027539031580090523
7.161936560934891,-0.0035364693011082833,-0.008830736391246319
7.186978297161937,-0.015405327118667255,-0.02019759640097618
7.212020033388982,-0.027117450563610476,-0.03132500872015953
7.237061769616027,-0.03864517636103803,-0.0421953909099102
7.262103505843072,-0.04996157707706678,-0.052790235728025436
7.287145242070117,-0.061040520977263826,-0.06309675425291061
7.312186978297162,-0.07185672930297943,-0.07310191541910172
7.337228714524207,-0.0823858308483755,-0.08279602974653244
7.362270450751252,-0.09260441372888246,-0.09217072278261185
7.387312186978297,-0.10249007423988568,-0.1012195572257042
7.412353923205343,-0.11202146271272814,-0.10993552953004837
7.437395659432387,-0.1211783262835353,-0.11831199377775192
7.462437395659433,-0.1299415484989042,-0.12634195387363434
7.487479131886477,-0.13829318569115723,-0.1340155154466629
7.512520868113523,-0.14621650006458936,-0.14132528007030487
7.537562604340568,-0.1536959894429268,-0.14825855195522308
7.562604340567613,-0.16071741363704684,-0.15480470657348633
7.587646076794658,-0.16726781740085017,-0.16095127165317535
7.612687813021703,-0.1733355499520006,-0.1666858196258545
7.637729549248748,-0.17891028104306878,-0.1719987690448761
7.6627712854757934,-0.1839830135773496,-0.17687901854515076
7.687813021702838,-0.18854609277231715,-0.18131685256958008
7.712854757929883,-0.19259321188225922,-0.1853027194738388
7.737896494156929,-0.19611941450010037,-0.1888270080089569
7.762938230383973,-0.19912109346677107,-0.19188040494918823
7.787979966611019,-0.20159598642465104,-0.1944512575864792
7.813021702838063,-0.20354316805963074,-0.19652876257896423
7.838063439065109,-0.2049630390841553,-0.19809991121292114
7.863105175292154,-0.20585731202121998,-0.1991558074951172
7.888146911519199,-0.2062289938566765,-0.19968420267105103
7.913188647746244,-0.2060823656343505,-0.1996794044971466
7.938230383973289,-0.20542295907535604,-0.1991346776485443
7.963272120200334,-0.2042575303096091,-0.19804731011390686
7.9883138564273795,-0.2025940308138689,-0.19641739130020142
8.013355592654424,-0.20044157565666842,-0.1942484825849533
8.03839732888147,-0.19781040915621342,-0.19154644012451172
8.063439065108515,-0.19471186806272942,-0.18831947445869446
8.08848080133556,-0.19115834238179957,-0.18458206951618195
8.113522537562604,-0.18716323395996573,-0.18034720420837402
8.13856427378965,-0.18274091295823197,-0.1756325513124466
8.163606010016695,-0.17790667234314292,-0.17045699059963226
8.18864774624374,-0.17267668052874166,-0.16484028100967407
8.213689482470786,-0.1670679323060214,-0.15880081057548523
8.23873121869783,-0.1610981981993784,-0.15236011147499084
8.263772954924875,-0.15478597239211353,-0.14553754031658173
8.28881469115192,-0.14815041936519852,-0.13835325837135315
8.313856427378965,-0.14121131939526746,-0.13082779943943024
8.33889816360601,-0.13398901305921343,-0.12298319488763809
8.363939899833055,-0.12650434489377121,-0.11484207957983017
8.3889816360601,-0.11877860635908169,-0.1064286157488823
8.414023372287145,-0.11083347825551992,-0.09776981920003891
8.43906510851419,-0.102690972742902,-0.08889158815145493
8.464106844741236,-0.09437337511072588,-0.07982321828603745
8.48914858096828,-0.0859031854472325,-0.07059311121702194
8.514190317195325,-0.07730306035383211,-0.06123105809092522
8.53923205342237,-0.06859575484991086,-0.05176686868071556
8.564273789649416,-0.0598040646110589,-0.04222988709807396
8.589315525876462,-0.05095076868154552,-0.0326492004096508
8.614357262103505,-0.042058572799267877,-0.02305370196700096
8.63939899833055,-0.033150053468472725,-0.013471956364810467
8.664440734557596,-0.02424760291238192,-0.003932724706828594
8.689482470784641,-0.015373375034284428,0.005535145290195942
8.714524207011687,-0.006549232511903264,0.01490283478051424
8.739565943238732,0.002203304854239129,0.024142611771821976
8.764607679465776,0.010863110422082656,0.033226463943719864
8.789649415692821,0.019409499507094263,0.04213014617562294
8.814691151919867,0.027822276592145485,0.05082954838871956
8.839732888146912,0.03608178084624458,0.059304509311914444
8.864774624373958,0.0441689298553802,0.0675375685095787
8.889816360601001,0.0520652614741881,0.07551272958517075
8.914858096828047,0.05975297371273399,0.08321478217840195
8.939899833055092,0.0672149625784522,0.0906279906630516
8.964941569282137,0.0744348577992186,0.097735695540905
8.989983305509183,0.08139705635950972,0.10451982170343399
9.015025041736227,0.08808675378777918,0.11096175760030746
9.040066777963272,0.09448997313938763,0.1170431450009346
9.065108514190317,0.10059359162572239,0.12274722009897232
9.090150250417363,0.10638536484653828,0.12805888056755066
9.115191986644408,0.1118539485889208,0.1329660564661026
9.140233722871452,0.11698891816274197,0.13745883107185364
9.165275459098497,0.12178078524891145,0.14153054356575012
9.190317195325543,0.12622101224316082,0.14517587423324585
9.215358931552588,0.13030202408454794,0.14839184284210205
9.240400667779634,0.13401721756421658,0.15117612481117249
9.265442404006677,0.1373609681163089,0.15352702140808105
9.290484140233723,0.14032863409917615,0.15544389188289642
9.315525876460768,0.1429165585812129,0.15692570805549622
9.340567612687813,0.14512206865173982,0.15797212719917297
9.365609348914859,0.14694347228331117,0.15858298540115356
9.390651085141902,0.14838005277768787,0.15875956416130066
9.415692821368948,0.14943206083341556,0.15850304067134857
9.440734557595993,0.15010070427850364,0.15781697630882263
9.465776293823039,0.15038813551710217,0.15670493245124817
9.490818030050084,0.1502974367442808,0.15517321228981018
9.51585976627713,0.14983260298804874,0.15322840213775635
9.540901502504173,0.14899852304258837,0.15087874233722687
9.565943238731219,0.14780095836129487,0.14813417196273804
9.590984974958264,0.14624651998262705,0.145005464553833
9.61602671118531,0.14434264356595067,0.14150530099868774
9.641068447412355,0.1420975626185065,0.13764742016792297
9.666110183639399,0.13952027999833702,0.13344867527484894
9.691151919866444,0.13662053778146502,0.1289275735616684
9.71619365609349,0.13340878558481856,0.12410662323236465
9.741235392320535,0.12989614743933448,0.11901029944419861
9.76627712854758,0.12609438731035694,0.11366742849349976
9.791318864774624,0.12201587336484512,0.10810784250497818
9.81636060100167,0.11767354108704935,0.10236360877752304
9.841402337228715,0.11308085534616891,0.09646540135145187
9.86644407345576,0.10825177152108645,0.09044212847948074
9.891485809682806,0.10320069578859016,0.08431953936815262
9.91652754590985,0.09794244468250546,0.07811885327100754
9.941569282136895,0.09249220403192246,0.07185795158147812
9.96661101836394,0.08686548738716733,0.06555036455392838
9.991652754590985,0.0810780940423589,0.059208113700151443
10.01669449081803,0.07514606676332683,0.05284196510910988
10.041736227045075,0.06908564932930181,0.04646391049027443
10.06677796327212,0.06291324399618126,0.04008724167943001
10.091819699499165,0.05664536898830535,0.03372645750641823
10.11686143572621,0.05029861612451177,0.027397114783525467
10.141903171953256,0.04388960868288582,0.021113548427820206
10.1669449081803,0.037434959606954706,0.014890839345753193
10.191986644407345,0.03095123015421371,0.008741010911762714
10.21702838063439,0.02445488908577151,0.0026756497099995613
10.242070116861436,0.01796227249353601,-0.0032950295135378838
10.267111853088482,0.011489544358850192,-0.009161586873233318
10.292153589315527,0.005052657933692723,-0.014912615530192852
10.31719532554257,-0.0013326819673839029,-0.020537253469228745
10.342237061769616,-0.007651055679559363,-0.02602323517203331
10.367278797996661,-0.01388736432261596,-0.03135957941412926
10.392320534223707,-0.020026864280187427,-0.0365372858941555
10.417362270450752,-0.026055200448871732,-0.04154929146170616
10.442404006677796,-0.031958438186499315,-0.046392615884542465
10.467445742904841,-0.037723093892798445,-0.05106493458151817
10.492487479131887,-0.04333616415978469,-0.05556565150618553
10.517529215358932,-0.04878515343338575,-0.059893276542425156
10.542570951585978,-0.05405810013211956,-0.06404601782560349
10.567612687813021,-0.05914360117302764,-0.0680205449461937
10.592654424040067,-0.064030834859536,-0.07181613892316818
10.617696160267112,-0.06870958209045973,-0.07543265074491501
10.642737896494157,-0.07317024585396396,-0.07887294143438339
10.667779632721203,-0.07740386897492235,-0.08214282244443893
10.692821368948247,-0.08140215008880623,-0.08525069802999496
10.717863105175292,-0.08515745781991146,-0.08820601552724838
10.742904841402337,-0.08866284314644489,-0.09101783484220505
10.767946577629383,-0.09191204993968867,-0.09369312971830368
10.792988313856428,-0.09489952366913534,-0.09623601287603378
10.818030050083472,-0.09762041827015976,-0.09864529222249985
10.843071786310517,-0.10007060117539676,-0.10091640800237656
10.868113522537563,-0.10224665651557534,-0.10303985327482224
10.893155258764608,-0.10414588650006723,-0.10500305145978928
10.918196994991654,-0.10576631099184379,-0.10679133981466293
10.943238731218699,-0.10710666529590197,-0.10838913172483444
10.968280467445743,-0.1081663961844794,-0.1097816452383995
10.993322203672788,-0.10894565618655436,-0.11095549911260605
11.018363939899833,-0.10944529617317618,-0.11190029233694077
11.043405676126879,-0.10966685627411453,-0.11260845512151718
11.068447412353924,-0.10961255516512494,-0.11307343095541
11.093489148580968,-0.10928527776880055,-0.11329289525747299
11.118530884808013,-0.10868856141551213,-0.11326500028371811
11.143572621035059,-0.10782658051431755,-0.11298783868551254
11.168614357262104,-0.10670412978694137,-0.11245980113744736
11.19365609348915,-0.10532660612098295,-0.11167868226766586
11.218697829716193,-0.10369998910139615,-0.11063965409994125
11.243739565943239,-0.10183082028199474,-0.10933711379766464
11.268781302170284,-0.09972618126126472,-0.1077624186873436
11.29382303839733,-0.09739367062910904,-0.10590564459562302
11.318864774624375,-0.09484137985330153,-0.10375591367483139
11.343906510851419,-0.09207786817638931,-0.10130187124013901
11.368948247078464,-0.08911213659554709,-0.09853347390890121
11.39398998330551,-0.08595360099945011,-0.09544377774000168
11.419031719532555,-0.0826120645376005,-0.09202968329191208
11.4440734557596,-0.07909768929870337,-0.08829297870397568
11.469115191986644,-0.0754209673756501,-0.08424215763807297
11.49415692821369,-0.07159269139542615,-0.07988991588354111
11.519198664440735,-0.0676239245928108,-0.07525461167097092
11.54424040066778,-0.06352597050709363,-0.07035740464925766
11.569282136894826,-0.05931034238117884,-0.06522216647863388
11.59432387312187,-0.05498873234240314,-0.059872981160879135
11.619365609348915,-0.05057298044414813,-0.054334547370672226
11.64440734557596,-0.04607504364688246,-0.04862990602850914
11.669449081803005,-0.041506964816642275,-0.04278125986456871
11.69449081803005,-0.03688084181813178,-0.0368114672601223
11.719532554257096,-0.032208796778624225,-0.030742403119802475
11.74457429048414,-0.027502945597660512,-0.024596747010946274
11.769616026711185,-0.022775367776171243,-0.018398892134428024
11.79465776293823,-0.018038076637131664,-0.012174497358500957
11.819699499165276,-0.013302990008152918,-0.005949924699962139
11.844741235392322,-0.008581901434558278,0.00024691689759492874
11.869782971619365,-0.003886451989497967,0.00638947356492281
11.89482470784641,0.000771897254515485,0.012450438924133778
11.919866444073456,0.005381892030543055,0.01840636506676674
11.944908180300501,0.009932510898954102,0.024235714226961136
11.969949916527547,0.01441299042883712,0.029918070882558823
11.99499165275459,0.01881284948461797,0.03543531522154808
12.020033388981636,0.023121912566210902,0.040770452469587326
12.045075125208681,0.02733033215388625,0.04590613767504692
12.070116861435727,0.03142861001202063,0.050825294107198715
12.095158597662772,0.03540761740894942,0.055510904639959335
12.120200333889816,0.03925861421326215,0.0599479041993618
12.145242070116861,0.042973266830096515,0.06412215530872345
12.170283806343907,0.04654366494422861,0.06802044063806534
12.195325542570952,0.04996233704007533,0.07163404673337936
12.220367278797998,0.053222264672074436,0.07495498657226562
12.245409015025041,0.056316895462281184,0.07797760516405106
12.270450751252087,0.05924015480544182,0.08069919794797897
12.295492487479132,0.061986456265211744,0.08311697095632553
12.320534223706177,0.06455071064862489,0.08523014187812805
12.345575959933223,0.06692833374934373,0.08703988045454025
12.370617696160267,0.06911525275363606,0.08854717761278152
12.395659432387312,0.07110791130641997,0.08975548297166824
12.420701168614357,0.07290327323809341,0.09066937118768692
12.445742904841403,0.07449882495619314,0.09129410237073898
12.470784641068448,0.07589257650922511,0.09163802117109299
12.495826377295494,0.07708306133324454,0.0917089655995369
12.520868113522537,0.07806933469494522,0.09151578694581985
12.545909849749583,0.0788509708481384,0.09106852859258652
12.570951585976628,0.07942805892353476,0.09037633240222931
12.595993322203674,0.07980119757471564,0.08944763243198395
12.621035058430719,0.07997148840604681,0.08829062432050705
12.646076794657763,0.07994052821107527,0.0869111642241478
12.671118530884808,0.07971040005263245,0.08531483262777328
12.696160267111853,0.0792836632184458,0.08350427448749542
12.721202003338899,0.07866334208853004,0.0814807340502739
12.746243739565944,0.0778529139529839,0.0792454183101654
12.771285475792988,0.07685629582105086,0.0767979621887207
12.796327212020033,0.07567783026441367,0.07413717359304428
12.821368948247079,0.07432227033967394,0.0712650716304779
12.846410684474124,0.07279476363681683,0.06818319112062454
12.87145242070117,0.07110083550217526,0.06489425152540207
12.896494156928213,0.06924637148598733,0.061406154185533524
12.921535893155259,0.06723759906607095,0.05772707983851433
12.946577629382304,0.06508106870043852,0.053867023438215256
12.97161936560935,0.06278363426281755,0.049840714782476425
12.996661101836395,0.06035243291604712,0.045662712305784225
13.021702838063439,0.05779486447917701,0.04135120287537575
13.046744574290484,0.05511857034479751,0.03692566230893135
13.07178631051753,0.05233141200369394,0.032406602054834366
13.096828046744575,0.04944144923432591,0.02781778946518898
13.12186978297162,0.046456918014894,0.023183148354291916
13.146911519198664,0.043386208215879685,0.01852695271372795
13.17195325542571,0.040237841130904624,0.013875042088329792
13.196994991652755,0.03702044690359353,0.009252731688320637
13.2220367278798,0.0337427419078018,0.004684259183704853
13.247078464106846,0.030413506138114037,0.00019310880452394485
13.272120200333891,0.02704156066693426,-0.004197920672595501
13.297161936560935,0.02363574522375021,-0.008469115011394024
13.32220367278798,0.020204895951302,-0.012601758353412151
13.347245409015025,0.016757823392402716,-0.01658002659678459
13.37228714524207,0.013303290760032995,-0.02038944885134697
13.397328881469116,0.009849992542114718,-0.024018224328756332
13.42237061769616,0.006406533491017281,-0.02745651826262474
13.447412353923205,0.0029814080463824136,-0.030695494264364243
13.47245409015025,-0.0004170197616939508,-0.033727969974279404
13.497495826377296,-0.0037805358837733074,-0.03654905781149864
13.522537562604342,-0.007101095252877217,-0.03915559872984886
13.547579298831385,-0.010370840175238507,-0.04154382273554802
13.57262103505843,-0.01358211807020764,-0.04371356591582298
13.597662771285476,-0.01672749852152378,-0.04566514119505882
13.622704507512521,-0.019799789604276436,-0.047401826828718185
13.647746243739567,-0.022792053454029695,-0.048928212374448776
13.67278797996661,-0.025697621046811548,-0.05025162920355797
13.697829716193656,-0.028510106160959187,-0.05138155445456505
13.722871452420701,-0.031223418494125507,-0.05232880637049675
13.747913188647747,-0.03383177591114589,-0.05310603603720665
13.772954924874792,-0.03632971580085978,-0.05372622236609459
13.797996661101836,-0.03871210552242858,-0.054202523082494736
13.823038397328881,-0.040974151924163045,-0.05454724654555321
13.848080133555927,-0.04311140992034379,-0.05477311834692955
13.873121869782972,-0.045119790114029654,-0.05488992854952812
13.898163606010018,-0.04699556545633674,-0.05490804836153984
13.923205342237061,-0.04873537693517338,-0.05483536049723625
13.948247078464107,-0.050336238288913086,-0.05467870458960533
13.973288814691152,-0.051795539742957704,-0.05444486066699028
13.998330550918197,-0.053111050769606934,-0.05413724109530449
14.023372287145243,-0.054280921874082885,-0.05376092717051506
14.048414023372288,-0.05530368541195662,-0.05331937596201897
14.073455759599332,-0.056178255445592934,-0.052814822643995285
14.098497495826377,-0.05690392664954871,-0.052251603454351425
14.123539232053423,-0.05748037227713337,-0.05163278803229332
14.148580968280468,-0.0579076412025657,-0.05096232518553734
14.173622704507514,-0.05818615405531822,-0.050240930169820786
14.198664440734557,-0.05831669846534456,-0.049474190920591354
14.223706176961603,-0.058300423439915816,-0.048662569373846054
14.248747913188648,-0.058138832894751545,-0.04780666157603264
14.273789649415694,-0.05783377836401752,-0.0469050370156765
14.298831385642739,-0.057387450915563874,-0.04595678672194481
14.323873121869783,-0.05680237229949962,-0.04495806619524956
14.348914858096828,-0.05608138535983065,-0.04390373453497887
14.373956594323873,-0.05522764374043359,-0.042790111154317856
14.398998330550919,-0.0542446009180836,-0.041613008826971054
14.424040066777964,-0.053135998596610896,-0.04036929830908775
14.449081803005008,-0.05190585449751232,-0.03905447944998741
14.474123539232053,-0.05055844958349965,-0.03766932711005211
14.499165275459099,-0.04909831475251948,-0.03621552512049675
14.524207011686144,-0.04753021704072206,-0.0346955768764019
14.54924874791319,-0.04585914537370255,-0.03311492130160332
14.574290484140233,-0.04409029590607331,-0.03148120269179344
14.599332220367279,-0.04222905699004886,-0.029801812022924423
14.624373956594324,-0.04028099381425445,-0.02808653935790062
14.64941569282137,-0.03825183275437045,-0.02634219452738762
14.674457429048415,-0.03614744547753783,-0.024577569216489792
14.699499165275459,-0.03397383284264398,-0.022799905389547348
14.724540901502504,-0.03173710863869308,-0.02101273462176323
14.74958263772955,-0.029443483203458784,-0.019221868366003036
14.774624373956595,-0.02709924696448277,-0.017432507127523422
14.79966611018364,-0.02471075394426675,-0.01564803346991539
14.824707846410686,-0.022284405271175436,-0.013873766176402569
14.84974958263773,-0.019826632737135325,-0.012114341370761395
14.874791318864775,-0.01734388244269514,-0.010373334400355816
14.89983305509182,-0.014842598569386764,-0.008653516881167889
14.924874791318866,-0.01232920731860874,-0.006954113952815533
14.949916527545911,-0.009810101055454755,-0.005271683447062969
14.974958263772955,-0.007291622695005166,-0.0036024032160639763
15.0,-0.004780050367630568,-0.0019417060539126396
